{
  "lang":"en",
  "name":"pipeline",
  "version":"0.0.0",
  "spacy_version":">=3.5.3,<3.6.0",
  "description":"",
  "author":"",
  "email":"",
  "url":"",
  "license":"",
  "spacy_git_version":"512241e12",
  "vectors":{
    "width":0,
    "vectors":0,
    "keys":0,
    "name":null,
    "mode":"default"
  },
  "labels":{
    "tok2vec":[

    ],
    "ner":[
      "College Name",
      "Companies worked at",
      "Degree",
      "Designation",
      "Email Address",
      "Graduation Year",
      "Location",
      "Name",
      "Skills",
      "Years of Experience"
    ]
  },
  "pipeline":[
    "tok2vec",
    "ner"
  ],
  "components":[
    "tok2vec",
    "ner"
  ],
  "disabled":[

  ],
  "performance":{
    "ents_f":0.9831134565,
    "ents_p":0.9920127796,
    "ents_r":0.9743723849,
    "ents_per_type":{
      "Name":{
        "p":1.0,
        "r":1.0,
        "f":1.0
      },
      "Designation":{
        "p":0.996742671,
        "r":0.9807692308,
        "f":0.9886914378
      },
      "Companies worked at":{
        "p":0.9818731118,
        "r":0.9908536585,
        "f":0.9863429439
      },
      "Location":{
        "p":0.9924528302,
        "r":0.9460431655,
        "f":0.9686924494
      },
      "Years of Experience":{
        "p":1.0,
        "r":1.0,
        "f":1.0
      },
      "Degree":{
        "p":0.9833333333,
        "r":0.9943820225,
        "f":0.9888268156
      },
      "College Name":{
        "p":1.0,
        "r":0.9945652174,
        "f":0.9972752044
      },
      "Skills":{
        "p":0.9817073171,
        "r":0.9817073171,
        "f":0.9817073171
      },
      "Email Address":{
        "p":1.0,
        "r":1.0,
        "f":1.0
      },
      "Graduation Year":{
        "p":1.0,
        "r":0.8611111111,
        "f":0.9253731343
      }
    },
    "tok2vec_loss":7379.5470860432,
    "ner_loss":268.703641505
  }
}