{
  "lang":"en",
  "name":"pipeline",
  "version":"0.0.0",
  "spacy_version":">=3.5.3,<3.6.0",
  "description":"",
  "author":"",
  "email":"",
  "url":"",
  "license":"",
  "spacy_git_version":"512241e12",
  "vectors":{
    "width":0,
    "vectors":0,
    "keys":0,
    "name":null,
    "mode":"default"
  },
  "labels":{
    "tok2vec":[

    ],
    "ner":[
      "College Name",
      "Companies worked at",
      "Degree",
      "Designation",
      "Email Address",
      "Graduation Year",
      "Location",
      "Name",
      "Skills",
      "Years of Experience"
    ]
  },
  "pipeline":[
    "tok2vec",
    "ner"
  ],
  "components":[
    "tok2vec",
    "ner"
  ],
  "disabled":[

  ],
  "performance":{
    "ents_f":0.9850824392,
    "ents_p":0.9858564694,
    "ents_r":0.9843096234,
    "ents_per_type":{
      "Name":{
        "p":1.0,
        "r":0.9938271605,
        "f":0.9969040248
      },
      "Designation":{
        "p":0.9935483871,
        "r":0.9871794872,
        "f":0.9903536977
      },
      "Companies worked at":{
        "p":0.9848942598,
        "r":0.993902439,
        "f":0.9893778452
      },
      "Location":{
        "p":0.950877193,
        "r":0.9748201439,
        "f":0.9626998224
      },
      "Years of Experience":{
        "p":1.0,
        "r":1.0,
        "f":1.0
      },
      "Degree":{
        "p":0.9834254144,
        "r":1.0,
        "f":0.991643454
      },
      "College Name":{
        "p":1.0,
        "r":0.9945652174,
        "f":0.9972752044
      },
      "Skills":{
        "p":0.9877300613,
        "r":0.9817073171,
        "f":0.9847094801
      },
      "Email Address":{
        "p":1.0,
        "r":1.0,
        "f":1.0
      },
      "Graduation Year":{
        "p":0.992481203,
        "r":0.9166666667,
        "f":0.9530685921
      }
    },
    "tok2vec_loss":3544.5658544132,
    "ner_loss":323.2963545815
  }
}